Group1(C1/TBR/DL Bed),001,User Deleted. Program has recovered. Please modify input before deleting group
Group2(C3/TBR/DL Wc),002,User Deleted. Program has recovered. Please modify input before deleting group
Group3(C2/TBR/Treo đầu giường),003,User Deleted. Program has recovered. Please modify input before deleting group
Group253,253,User Deleted. Program has recovered. Please modify input before deleting group
Group254,254,User Deleted. Program has recovered. Please modify input before deleting group
Group4(C4/TBR/Hắt Lavabo),004,User Deleted. Program has recovered. Please modify input before deleting group
Group5(C5/TBR/Hắt Bath),005,User Deleted. Program has recovered. Please modify input before deleting group
Group6(C8/TBR/Hắt Đầu Giường),006,User Deleted. Program has recovered. Please modify input before deleting group
Group7(C6/TBR/Kệ Tủ Lvao),007,User Deleted. Program has recovered. Please modify input before deleting group
Group8,008,User Deleted. Program has recovered. Please modify input before deleting group
Group9(Socket),009,User Deleted. Program has recovered. Please modify input before deleting group
Group10( Fan),010,User Deleted. Program has recovered. Please modify input before deleting group
Group11,011,User Deleted. Program has recovered. Please modify input before deleting group
Group12(C9/TBR/Tường Lavabo),012,User Deleted. Program has recovered. Please modify input before deleting group
Group13,013,User Deleted. Program has recovered. Please modify input before deleting group
Group14,014,User Deleted. Program has recovered. Please modify input before deleting group
Group15,015,User Deleted. Program has recovered. Please modify input before deleting group
Group16,016,User Deleted. Program has recovered. Please modify input before deleting group
Group17,017,User Deleted. Program has recovered. Please modify input before deleting group
Group18,018,User Deleted. Program has recovered. Please modify input before deleting group
Group19,019,User Deleted. Program has recovered. Please modify input before deleting group
Group20,020,User Deleted. Program has recovered. Please modify input before deleting group
Group21,021,User Deleted. Program has recovered. Please modify input before deleting group
Group22,022,User Deleted. Program has recovered. Please modify input before deleting group
Group23,023,User Deleted. Program has recovered. Please modify input before deleting group
Group24,024,User Deleted. Program has recovered. Please modify input before deleting group
Group25,025,User Deleted. Program has recovered. Please modify input before deleting group
Group26,026,User Deleted. Program has recovered. Please modify input before deleting group
Group27,027,User Deleted. Program has recovered. Please modify input before deleting group
Group28,028,User Deleted. Program has recovered. Please modify input before deleting group
Group29,029,User Deleted. Program has recovered. Please modify input before deleting group
Group30,030,User Deleted. Program has recovered. Please modify input before deleting group
Group31,031,User Deleted. Program has recovered. Please modify input before deleting group
Group32,032,User Deleted. Program has recovered. Please modify input before deleting group
Group33,033,User Deleted. Program has recovered. Please modify input before deleting group
Group34,034,User Deleted. Program has recovered. Please modify input before deleting group
Group35,035,User Deleted. Program has recovered. Please modify input before deleting group
Group36,036,User Deleted. Program has recovered. Please modify input before deleting group
Group37,037,User Deleted. Program has recovered. Please modify input before deleting group
Group38,038,User Deleted. Program has recovered. Please modify input before deleting group
Group39,039,User Deleted. Program has recovered. Please modify input before deleting group
Group40,040,User Deleted. Program has recovered. Please modify input before deleting group
Group41,041,User Deleted. Program has recovered. Please modify input before deleting group
Group42,042,User Deleted. Program has recovered. Please modify input before deleting group
