AC1,001,No Description
AC2,002,User Deleted. Program has recovered. Please modify input before deleting group
AC3,003,User Deleted. Program has recovered. Please modify input before deleting group
AC4,004,User Deleted. Program has recovered. Please modify input before deleting group
AC5,005,User Deleted. Program has recovered. Please modify input before deleting group
AC6,006,User Deleted. Program has recovered. Please modify input before deleting group
AC7,007,User Deleted. Program has recovered. Please modify input before deleting group
Group8,008,User Deleted. Program has recovered. Please modify input before deleting group
Group9,009,User Deleted. Program has recovered. Please modify input before deleting group
Group10,010,User Deleted. Program has recovered. Please modify input before deleting group
