ADD_C1/Dim_0-10,1,User Deleted. Program has recovered. Please modify input before deleting group
ADD_C2/Dim_0-10,2,User Deleted. Program has recovered. Please modify input before deleting group
ADD_C3/Dim_0-10,3,User Deleted. Program has recovered. Please modify input before deleting group
ADD_C4/Dim_0-10,4,User Deleted. Program has recovered. Please modify input before deleting group
ADD_C5/Dim_0-10,5,User Deleted. Program has recovered. Please modify input before deleting group
ADD_C6/Dim_0-10,6,User Deleted. Program has recovered. Please modify input before deleting group
ADD_C7/Dim_0-10,7,User Deleted. Program has recovered. Please modify input before deleting group
ADD_C8/Dim_0-10,8,User Deleted. Program has recovered. Please modify input before deleting group
ADD_C9/Dim_0-10,9,User Deleted. Program has recovered. Please modify input before deleting group
ADD_C10/Dim_0-10,10,User Deleted. Program has recovered. Please modify input before deleting group
ADD_C11/Dim_0-10,11,User Deleted. Program has recovered. Please modify input before deleting group
ADD_C12/Dim_0-10,12,User Deleted. Program has recovered. Please modify input before deleting group
ADD_C13/Dim_0-10,13,User Deleted. Program has recovered. Please modify input before deleting group
ADD_C14/Dim_0-10,14,User Deleted. Program has recovered. Please modify input before deleting group
ADD_C15/Dim_0-10,15,User Deleted. Program has recovered. Please modify input before deleting group
ADD_C16/Dim_0-10,16,User Deleted. Program has recovered. Please modify input before deleting group
ADD_C17/Dim_0-10,17,User Deleted. Program has recovered. Please modify input before deleting group
ADD_C18/Dim_0-10,18,User Deleted. Program has recovered. Please modify input before deleting group
ADD_C19/Dim_0-10,19,User Deleted. Program has recovered. Please modify input before deleting group
ADD_C20/Dim_0-10,20,User Deleted. Program has recovered. Please modify input before deleting group
ADD_C21/Dim_0-10,21,User Deleted. Program has recovered. Please modify input before deleting group
ADD_C22/Dim_0-10,22,User Deleted. Program has recovered. Please modify input before deleting group
ADD_C23/Dim_0-10,23,User Deleted. Program has recovered. Please modify input before deleting group
ADD_C24/Dim_0-10,24,User Deleted. Program has recovered. Please modify input before deleting group
ADD_C25/Dim_0-10,25,User Deleted. Program has recovered. Please modify input before deleting group
ADD_C26/Dim_0-10,26,User Deleted. Program has recovered. Please modify input before deleting group
ADD_C27/Dim_0-10,27,User Deleted. Program has recovered. Please modify input before deleting group
ADD_C28/Dim_0-10,28,User Deleted. Program has recovered. Please modify input before deleting group
ADD_C29/Dim_220,29,User Deleted. Program has recovered. Please modify input before deleting group
Group30,030,User Deleted. Program has recovered. Please modify input before deleting group
