Đèn trần phòng ngủ master IC3/C1/BT12/C,001,User Deleted. Program has recovered. Please modify input before deleting group
Đèn đọc sách trái IC2/C2/BT12/C,002,User Deleted. Program has recovered. Please modify input before deleting group
Đèn đọc sách phải IC2/C3/BT12/C,003,User Deleted. Program has recovered. Please modify input before deleting group
Đèn trần thay đồ IC1 IC3/C4/BT12/C,004,User Deleted. Program has recovered. Please modify input before deleting group
Đèn trần phòng tắm kid IC4 IC5/C11/BT12/C,005,User Deleted. Program has recovered. Please modify input before deleting group
Đèn lavabo IC4/C6/BT12/C,006,User Deleted. Program has recovered. Please modify input before deleting group
Đèn trần phòng SHC IC1/C8/BT12/C,007,User Deleted. Program has recovered. Please modify input before deleting group
Đèn trần sofa IC3/C9/BT12/C,008,User Deleted. Program has recovered. Please modify input before deleting group
Đèn trần phòng ngủ IC1/C10/BT12/C,009,User Deleted. Program has recovered. Please modify input before deleting group
Đèn trần phòng tắm IC5/C5/BT12/C,010,User Deleted. Program has recovered. Please modify input before deleting group
Đèn hành lang tầng 1 IC1/C13/BT12/C,011,User Deleted. Program has recovered. Please modify input before deleting group
Đèn rọi IC3/C15/BT12/C,012,User Deleted. Program has recovered. Please modify input before deleting group
Đèn tường IW1/C23/BT12/C,013,User Deleted. Program has recovered. Please modify input before deleting group
TOILET FAN 1,014,User Deleted. Program has recovered. Please modify input before deleting group
TOILET FAN 2,015,User Deleted. Program has recovered. Please modify input before deleting group
LINE 6 NGOÀI NHÀ,206,User Deleted. Program has recovered. Please modify input before deleting group
Group 17,017,User Deleted. Program has recovered. Please modify input before deleting group
Đèn trần phòng làm việc LT-104/C14/BT12/C,018,User Deleted. Program has recovered. Please modify input before deleting group
Group19,019,User Deleted. Program has recovered. Please modify input before deleting group
Group20,020,User Deleted. Program has recovered. Please modify input before deleting group
Group253,253,User Deleted. Program has recovered. Please modify input before deleting group
Group254,254,User Deleted. Program has recovered. Please modify input before deleting group
Group26,026,User Deleted. Program has recovered. Please modify input before deleting group
Group28,028,User Deleted. Program has recovered. Please modify input before deleting group
Group29,029,User Deleted. Program has recovered. Please modify input before deleting group
Group30,030,User Deleted. Program has recovered. Please modify input before deleting group
Group31,031,User Deleted. Program has recovered. Please modify input before deleting group
Group32,032,User Deleted. Program has recovered. Please modify input before deleting group
Group33,033,User Deleted. Program has recovered. Please modify input before deleting group
Group34,034,User Deleted. Program has recovered. Please modify input before deleting group
Group35,035,User Deleted. Program has recovered. Please modify input before deleting group
Group36,036,User Deleted. Program has recovered. Please modify input before deleting group
Group37,037,User Deleted. Program has recovered. Please modify input before deleting group
Group38,038,User Deleted. Program has recovered. Please modify input before deleting group
Group39,039,User Deleted. Program has recovered. Please modify input before deleting group
Group40,040,User Deleted. Program has recovered. Please modify input before deleting group
LINE 5 NGOÀI NHÀ,201,User Deleted. Program has recovered. Please modify input before deleting group
LINE 4 NGOÀI NHÀ,202,User Deleted. Program has recovered. Please modify input before deleting group
Group21,021,No Description
Fresh Air Fan,022,No Description
Group23,023,No Description
Group24,024,No Description
Group25,025,No Description
Group27,027,No Description
LINE 3 NGOÀI NHÀ,203,No Description
LINE 2 NGOÀI NHÀ,204,No Description
LINE 1 NGOÀI NHÀ,205,No Description
Đèn trang trí phòng tắm (thay đồ) IA2/C7/BT12/C,046,No Description
Đèn trang trí phòng tắm (trẻ em) IA2/C12/BT12/C,047,No Description
Đèn minibar IA1/C16/BT12/C,048,No Description
Đèn ngủ IA1 IA3/C17/BT12/C,049,No Description
Đèn gương IA3/C20/BT12/C,050,No Description
Đèn trang trí kid IA1/C25/BT12/C,051,No Description
Đèn hắt lavabo KID IA3/C26/BT12/C,052,No Description
Đèn ngủ kid IA3/C27/BT12/C,053,No Description
Đèn cầu thang ID1/C29/BT12/C,207,No Description
Đèn trang trí IA1/C30/BT12/C,055,No Description
Group56,056,No Description
Group57,057,No Description
Group58,058,No Description
Group59,059,No Description
Group60,060,No Description
Group61,061,No Description
Group41,041,User Deleted. Program has recovered. Please modify input before deleting group
Group42,042,User Deleted. Program has recovered. Please modify input before deleting group
Group43,043,User Deleted. Program has recovered. Please modify input before deleting group
Group44,044,User Deleted. Program has recovered. Please modify input before deleting group
Group45,045,User Deleted. Program has recovered. Please modify input before deleting group
Group16,016,User Deleted. Program has recovered. Please modify input before deleting group
Group160,160,User Deleted. Program has recovered. Please modify input before deleting group
Group65,065,User Deleted. Program has recovered. Please modify input before deleting group
Group54,054,User Deleted. Program has recovered. Please modify input before deleting group
IC1/C10/BT12/C,208,No Description
