MEZ_C1/Dim_0-10,1,User Deleted. Program has recovered. Please modify input before deleting group
MEZ_C2/Dim_0-10,2,User Deleted. Program has recovered. Please modify input before deleting group
MEZ_C3/Dim_0-10,3,User Deleted. Program has recovered. Please modify input before deleting group
MEZ_C4/Dim_0-10,4,User Deleted. Program has recovered. Please modify input before deleting group
MEZ_C5/Dim_0-10,5,User Deleted. Program has recovered. Please modify input before deleting group
MEZ_C6/Dim_0-10,6,User Deleted. Program has recovered. Please modify input before deleting group
MEZ_C7/Dim_0-10,7,User Deleted. Program has recovered. Please modify input before deleting group
MEZ_C8/Dim_0-10,8,User Deleted. Program has recovered. Please modify input before deleting group
MEZ_C9/Dim_0-10,9,User Deleted. Program has recovered. Please modify input before deleting group
MEZ_C10/Dim_0-10,10,User Deleted. Program has recovered. Please modify input before deleting group
MEZ_C11/Dim_0-10,11,User Deleted. Program has recovered. Please modify input before deleting group
MEZ_C12/Dim_0-10,12,User Deleted. Program has recovered. Please modify input before deleting group
MEZ_C13/Dim_0-10,13,User Deleted. Program has recovered. Please modify input before deleting group
MEZ_C14/Dim_0-10,14,User Deleted. Program has recovered. Please modify input before deleting group
MEZ_C15/Dim_0-10,15,User Deleted. Program has recovered. Please modify input before deleting group
MEZ_C16/Dim_220,16,User Deleted. Program has recovered. Please modify input before deleting group
MEZ_C17/Dim_0-10,17,User Deleted. Program has recovered. Please modify input before deleting group
MWC_C1/Dim_0-10,18,User Deleted. Program has recovered. Please modify input before deleting group
MWC_C2/Dim_0-10,19,User Deleted. Program has recovered. Please modify input before deleting group
MWC_C3/Dim_0-10,20,User Deleted. Program has recovered. Please modify input before deleting group
MWC_C4/Dim_0-10,21,User Deleted. Program has recovered. Please modify input before deleting group
MWC_C5/Dim_0-10,22,User Deleted. Program has recovered. Please modify input before deleting group
MWC_C6/Dim_0-10,23,User Deleted. Program has recovered. Please modify input before deleting group
MWC_C7/Dim_0-10,24,User Deleted. Program has recovered. Please modify input before deleting group
MWC_C8/Dim_0-10,25,User Deleted. Program has recovered. Please modify input before deleting group
MWC_C9/Dim_0-10,26,User Deleted. Program has recovered. Please modify input before deleting group
MWC_C10/Dim_0-10,27,User Deleted. Program has recovered. Please modify input before deleting group
Group31,031,User Deleted. Program has recovered. Please modify input before deleting group
Group32,032,User Deleted. Program has recovered. Please modify input before deleting group
Group33,033,User Deleted. Program has recovered. Please modify input before deleting group
Group34,034,User Deleted. Program has recovered. Please modify input before deleting group
Group35,035,User Deleted. Program has recovered. Please modify input before deleting group
Group36,036,User Deleted. Program has recovered. Please modify input before deleting group
Group37,037,User Deleted. Program has recovered. Please modify input before deleting group
Group38,038,User Deleted. Program has recovered. Please modify input before deleting group
Group39,039,User Deleted. Program has recovered. Please modify input before deleting group
