SKY_C4_DMX _1,1,User Deleted. Program has recovered. Please modify input before deleting group
SKY_C4_DMX _2,2,User Deleted. Program has recovered. Please modify input before deleting group
SKY_C4_DMX _3,3,User Deleted. Program has recovered. Please modify input before deleting group
SKY_C4_DMX _4,4,User Deleted. Program has recovered. Please modify input before deleting group
SKY_C9_DMX_1,5,User Deleted. Program has recovered. Please modify input before deleting group
SKY_C9_DMX_2,6,User Deleted. Program has recovered. Please modify input before deleting group
SKY_C9_DMX_3,7,User Deleted. Program has recovered. Please modify input before deleting group
SKY_C9_DMX_4,8,User Deleted. Program has recovered. Please modify input before deleting group
SKY_C11_DMX_1,9,User Deleted. Program has recovered. Please modify input before deleting group
SKY_C11_DMX_2,10,User Deleted. Program has recovered. Please modify input before deleting group
SKY_C11_DMX_3,11,User Deleted. Program has recovered. Please modify input before deleting group
SKY_C11_DMX_4,12,User Deleted. Program has recovered. Please modify input before deleting group
SKY_C13_DMX_1,13,User Deleted. Program has recovered. Please modify input before deleting group
SKY_C13_DMX_2,14,User Deleted. Program has recovered. Please modify input before deleting group
SKY_C13_DMX_3,15,User Deleted. Program has recovered. Please modify input before deleting group
SKY_C13_DMX_4,16,User Deleted. Program has recovered. Please modify input before deleting group
SKY_C14_DMX_1,17,User Deleted. Program has recovered. Please modify input before deleting group
SKY_C14_DMX_2,18,User Deleted. Program has recovered. Please modify input before deleting group
SKY_C14_DMX_3,19,User Deleted. Program has recovered. Please modify input before deleting group
SKY_C14_DMX_4,20,User Deleted. Program has recovered. Please modify input before deleting group
SKY_C23_DMX_1,21,User Deleted. Program has recovered. Please modify input before deleting group
SKY_C23_DMX_2,22,User Deleted. Program has recovered. Please modify input before deleting group
SKY_C23_DMX_3,23,User Deleted. Program has recovered. Please modify input before deleting group
SKY_C23_DMX_4,24,User Deleted. Program has recovered. Please modify input before deleting group
SKY_C24_DMX_1,25,User Deleted. Program has recovered. Please modify input before deleting group
SKY_C24_DMX_2,26,User Deleted. Program has recovered. Please modify input before deleting group
SKY_C24_DMX_3,27,User Deleted. Program has recovered. Please modify input before deleting group
SKY_C24_DMX_4,28,User Deleted. Program has recovered. Please modify input before deleting group
SKY_C25_DMX_1,29,User Deleted. Program has recovered. Please modify input before deleting group
SKY_C25_DMX_2,30,User Deleted. Program has recovered. Please modify input before deleting group
SKY_C25_DMX_3,31,User Deleted. Program has recovered. Please modify input before deleting group
SKY_C25_DMX_4,32,User Deleted. Program has recovered. Please modify input before deleting group
SKY_C1/Dim_0-10,33,User Deleted. Program has recovered. Please modify input before deleting group
SKY_C2//Dim_0-10,34,User Deleted. Program has recovered. Please modify input before deleting group
SKY_C3//Dim_0-10,35,User Deleted. Program has recovered. Please modify input before deleting group
SKY_C5/Dim_0-10,36,User Deleted. Program has recovered. Please modify input before deleting group
SKY_C6/Dim_0-10,37,User Deleted. Program has recovered. Please modify input before deleting group
SKY_C7/Dim_0-10,38,User Deleted. Program has recovered. Please modify input before deleting group
SKY_C8/Dim_0-10,39,User Deleted. Program has recovered. Please modify input before deleting group
SKY_C10/Dim_0-10,40,User Deleted. Program has recovered. Please modify input before deleting group
SKY_C12/Dim_0-10,41,User Deleted. Program has recovered. Please modify input before deleting group
SKY_C15/Dim_0-10,42,User Deleted. Program has recovered. Please modify input before deleting group
SKY_C16/Dim_0-10,43,User Deleted. Program has recovered. Please modify input before deleting group
SKY_C17/Dim_0-10,44,User Deleted. Program has recovered. Please modify input before deleting group
SKY_C18/Dim_0-10,45,User Deleted. Program has recovered. Please modify input before deleting group
SKY_C19/Dim_220,46,User Deleted. Program has recovered. Please modify input before deleting group
SKY_C20/Dim_220,47,User Deleted. Program has recovered. Please modify input before deleting group
SKY_C21/Dim_0-10,48,User Deleted. Program has recovered. Please modify input before deleting group
SKY_C22/Dim_220,49,User Deleted. Program has recovered. Please modify input before deleting group
SKY_C26/Dim_220,50,User Deleted. Program has recovered. Please modify input before deleting group
SKY_C27/Dim_0-10,51,User Deleted. Program has recovered. Please modify input before deleting group
SKY_C28/Dim_0-10,52,User Deleted. Program has recovered. Please modify input before deleting group
SKY_C29/Dim_0-10,53,User Deleted. Program has recovered. Please modify input before deleting group
SKY_C30/Dim_0-10,54,User Deleted. Program has recovered. Please modify input before deleting group
Group253,253,User Deleted. Program has recovered. Please modify input before deleting group
Group254,254,User Deleted. Program has recovered. Please modify input before deleting group
