Bedroom AirCon,001,No Description
Group5,005,User Deleted. Program has recovered. Please modify input before deleting group
Group6,006,User Deleted. Program has recovered. Please modify input before deleting group
Group2,002,User Deleted. Program has recovered. Please modify input before deleting group
Group3,003,User Deleted. Program has recovered. Please modify input before deleting group
Group4,004,User Deleted. Program has recovered. Please modify input before deleting group
Group7,007,User Deleted. Program has recovered. Please modify input before deleting group
Group8,008,User Deleted. Program has recovered. Please modify input before deleting group
Group9,009,User Deleted. Program has recovered. Please modify input before deleting group
Group10,010,User Deleted. Program has recovered. Please modify input before deleting group
Group19,019,User Deleted. Program has recovered. Please modify input before deleting group
