Group3,003,User Deleted. Program has recovered. Please modify input before deleting group
Group200,200,User Deleted. Program has recovered. Please modify input before deleting group
Group7,007,User Deleted. Program has recovered. Please modify input before deleting group
Group5,005,User Deleted. Program has recovered. Please modify input before deleting group
Group255,255,User Deleted. Program has recovered. Please modify input before deleting group
Group6,006,User Deleted. Program has recovered. Please modify input before deleting group
Group8,008,User Deleted. Program has recovered. Please modify input before deleting group
Group1,001,User Deleted. Program has recovered. Please modify input before deleting group
Group2,002,User Deleted. Program has recovered. Please modify input before deleting group
DND,253,User Deleted. Program has recovered. Please modify input before deleting group
MUR,254,User Deleted. Program has recovered. Please modify input before deleting group
Group4,004,User Deleted. Program has recovered. Please modify input before deleting group
Open,009,User Deleted. Program has recovered. Please modify input before deleting group
Group13,013,User Deleted. Program has recovered. Please modify input before deleting group
Group14,014,User Deleted. Program has recovered. Please modify input before deleting group
Group15,015,User Deleted. Program has recovered. Please modify input before deleting group
Group16,016,User Deleted. Program has recovered. Please modify input before deleting group
Group17,017,User Deleted. Program has recovered. Please modify input before deleting group
Group18,018,User Deleted. Program has recovered. Please modify input before deleting group
Group19,019,User Deleted. Program has recovered. Please modify input before deleting group
Group20,020,User Deleted. Program has recovered. Please modify input before deleting group
Bell,021,User Deleted. Program has recovered. Please modify input before deleting group
Entrance,022,User Deleted. Program has recovered. Please modify input before deleting group
Bathroom,023,User Deleted. Program has recovered. Please modify input before deleting group
LivingRoom,024,User Deleted. Program has recovered. Please modify input before deleting group
Bedroom,025,User Deleted. Program has recovered. Please modify input before deleting group
Night,026,User Deleted. Program has recovered. Please modify input before deleting group
Curtain-Open,027,User Deleted. Program has recovered. Please modify input before deleting group
Curtain-Close,028,User Deleted. Program has recovered. Please modify input before deleting group
Group29,029,User Deleted. Program has recovered. Please modify input before deleting group
Group30,030,User Deleted. Program has recovered. Please modify input before deleting group
Group31,031,User Deleted. Program has recovered. Please modify input before deleting group
Group32,032,User Deleted. Program has recovered. Please modify input before deleting group
Group41,041,User Deleted. Program has recovered. Please modify input before deleting group
Group42,042,User Deleted. Program has recovered. Please modify input before deleting group
Group43,043,User Deleted. Program has recovered. Please modify input before deleting group
Group44,044,User Deleted. Program has recovered. Please modify input before deleting group
Group45,045,User Deleted. Program has recovered. Please modify input before deleting group
Group46,046,User Deleted. Program has recovered. Please modify input before deleting group
Group47,047,User Deleted. Program has recovered. Please modify input before deleting group
Group48,048,User Deleted. Program has recovered. Please modify input before deleting group
Group49,049,User Deleted. Program has recovered. Please modify input before deleting group
Group50,050,User Deleted. Program has recovered. Please modify input before deleting group
Group51,051,User Deleted. Program has recovered. Please modify input before deleting group
Group52,052,User Deleted. Program has recovered. Please modify input before deleting group
Group53,053,User Deleted. Program has recovered. Please modify input before deleting group
Group54,054,User Deleted. Program has recovered. Please modify input before deleting group
Group33,033,User Deleted. Program has recovered. Please modify input before deleting group
Group34,034,User Deleted. Program has recovered. Please modify input before deleting group
Group35,035,User Deleted. Program has recovered. Please modify input before deleting group
Group36,036,User Deleted. Program has recovered. Please modify input before deleting group
Group37,037,User Deleted. Program has recovered. Please modify input before deleting group
Group38,038,User Deleted. Program has recovered. Please modify input before deleting group
Group39,039,User Deleted. Program has recovered. Please modify input before deleting group
Group40,040,User Deleted. Program has recovered. Please modify input before deleting group
Close,010,User Deleted. Program has recovered. Please modify input before deleting group
Group11,011,User Deleted. Program has recovered. Please modify input before deleting group
Group12,012,User Deleted. Program has recovered. Please modify input before deleting group
Group80,080,User Deleted. Program has recovered. Please modify input before deleting group
Group55,055,No Description
Group56,056,No Description
