LOB_C1/Dim_0-10,1,User Deleted. Program has recovered. Please modify input before deleting group
LOB_C2/Dim_220,2,User Deleted. Program has recovered. Please modify input before deleting group
LOB_C3/Dim_220,3,User Deleted. Program has recovered. Please modify input before deleting group
LOB_C4/Dim_0-10,4,User Deleted. Program has recovered. Please modify input before deleting group
LOB_C5/Dim_0-10,5,User Deleted. Program has recovered. Please modify input before deleting group
LOB_C6/Dim_0-10,6,User Deleted. Program has recovered. Please modify input before deleting group
LOB_C7/Dim_0-10,7,User Deleted. Program has recovered. Please modify input before deleting group
LOB_C8/Dim_0-10,8,User Deleted. Program has recovered. Please modify input before deleting group
LOB_C9/Dim_0-10,9,User Deleted. Program has recovered. Please modify input before deleting group
LOB_C10/Dim_0-10,10,User Deleted. Program has recovered. Please modify input before deleting group
LOB_C11/Dim_0-10,11,User Deleted. Program has recovered. Please modify input before deleting group
LOB_C12/Dim_0-10,12,User Deleted. Program has recovered. Please modify input before deleting group
LOB_C13/Dim_0-10,13,User Deleted. Program has recovered. Please modify input before deleting group
LOB_C14/Dim_0-10,14,User Deleted. Program has recovered. Please modify input before deleting group
LOB_C15/Dim_0-10,15,User Deleted. Program has recovered. Please modify input before deleting group
LOB_C16/Dim_0-10,16,User Deleted. Program has recovered. Please modify input before deleting group
LOB_C17/Dim_0-10,17,User Deleted. Program has recovered. Please modify input before deleting group
LOB_C18/Dim_0-10,18,User Deleted. Program has recovered. Please modify input before deleting group
LOB_C19/Dim_0-10,19,User Deleted. Program has recovered. Please modify input before deleting group
LOB_C20/Dim_0-10,20,User Deleted. Program has recovered. Please modify input before deleting group
LOB_C21/Dim_0-10,21,User Deleted. Program has recovered. Please modify input before deleting group
LOB_C22/Dim_0-10,22,User Deleted. Program has recovered. Please modify input before deleting group
LOB_C23/Dim_0-10,23,User Deleted. Program has recovered. Please modify input before deleting group
LOB_C24/Dim_220,24,User Deleted. Program has recovered. Please modify input before deleting group
LOB_C25/Dim_220,25,User Deleted. Program has recovered. Please modify input before deleting group
LOB_C26/Dim_0-10,26,User Deleted. Program has recovered. Please modify input before deleting group
LOB_C27/Dim_0-10,27,User Deleted. Program has recovered. Please modify input before deleting group
LOB_C28/Dim_0-10,28,User Deleted. Program has recovered. Please modify input before deleting group
LOB_C29/Dim_0-10,29,User Deleted. Program has recovered. Please modify input before deleting group
LOB_C30/Dim_0-10,30,User Deleted. Program has recovered. Please modify input before deleting group
LWC_C1/Dim_0-10,31,User Deleted. Program has recovered. Please modify input before deleting group
LWC_C2/Dim_0-10,32,User Deleted. Program has recovered. Please modify input before deleting group
LWC_C3/Dim_0-10,33,User Deleted. Program has recovered. Please modify input before deleting group
LWC_C4/Dim_0-10,34,User Deleted. Program has recovered. Please modify input before deleting group
LWC_C5/Dim_0-10,35,User Deleted. Program has recovered. Please modify input before deleting group
LWC_C6/Dim_0-10,36,User Deleted. Program has recovered. Please modify input before deleting group
LWC_C7/Dim_0-10,37,User Deleted. Program has recovered. Please modify input before deleting group
LWC_C8/Dim_0-10,38,User Deleted. Program has recovered. Please modify input before deleting group
LWC_C9/Dim_0-10,39,User Deleted. Program has recovered. Please modify input before deleting group
