Group221(C1/TBR/DL Bed),221,User Deleted. Program has recovered. Please modify input before deleting group
Group222(C3/TBR/DL Wc),222,User Deleted. Program has recovered. Please modify input before deleting group
Group223(C2/TBR/Treo đầu giường),223,User Deleted. Program has recovered. Please modify input before deleting group
DND,253,User Deleted. Program has recovered. Please modify input before deleting group
MUR,254,User Deleted. Program has recovered. Please modify input before deleting group
Group224(C4/TBR/Hắt Lavabo),224,User Deleted. Program has recovered. Please modify input before deleting group
Group225(C5/TBR/Hắt Bath),225,User Deleted. Program has recovered. Please modify input before deleting group
Group226(C8/TBR/Hắt Đầu Giường),226,User Deleted. Program has recovered. Please modify input before deleting group
Group227(Night-BR2),227,User Deleted. Program has recovered. Please modify input before deleting group
Group228,228,User Deleted. Program has recovered. Please modify input before deleting group
Group229(Socket),229,User Deleted. Program has recovered. Please modify input before deleting group
Group230( Fan),230,User Deleted. Program has recovered. Please modify input before deleting group
Group231,231,User Deleted. Program has recovered. Please modify input before deleting group
Group232(C9/TBR/Tường Lavabo),232,User Deleted. Program has recovered. Please modify input before deleting group
Group233,233,User Deleted. Program has recovered. Please modify input before deleting group
Group234,234,User Deleted. Program has recovered. Please modify input before deleting group
Group235,235,User Deleted. Program has recovered. Please modify input before deleting group
Group236,236,User Deleted. Program has recovered. Please modify input before deleting group
Group17,017,User Deleted. Program has recovered. Please modify input before deleting group
Group18,018,User Deleted. Program has recovered. Please modify input before deleting group
Group19,019,User Deleted. Program has recovered. Please modify input before deleting group
Group20,020,User Deleted. Program has recovered. Please modify input before deleting group
Group21,021,User Deleted. Program has recovered. Please modify input before deleting group
Group22,022,User Deleted. Program has recovered. Please modify input before deleting group
Group23,023,User Deleted. Program has recovered. Please modify input before deleting group
Group24,024,User Deleted. Program has recovered. Please modify input before deleting group
Group25,025,User Deleted. Program has recovered. Please modify input before deleting group
Group26,026,User Deleted. Program has recovered. Please modify input before deleting group
Group27,027,User Deleted. Program has recovered. Please modify input before deleting group
Group28,028,User Deleted. Program has recovered. Please modify input before deleting group
Group29,029,User Deleted. Program has recovered. Please modify input before deleting group
Group30,030,User Deleted. Program has recovered. Please modify input before deleting group
Group31,031,User Deleted. Program has recovered. Please modify input before deleting group
Group32,032,User Deleted. Program has recovered. Please modify input before deleting group
Group33,033,User Deleted. Program has recovered. Please modify input before deleting group
Group34,034,User Deleted. Program has recovered. Please modify input before deleting group
Group35,035,User Deleted. Program has recovered. Please modify input before deleting group
Group36,036,User Deleted. Program has recovered. Please modify input before deleting group
Group37,037,User Deleted. Program has recovered. Please modify input before deleting group
Group38,038,User Deleted. Program has recovered. Please modify input before deleting group
Group39,039,User Deleted. Program has recovered. Please modify input before deleting group
Group40,040,User Deleted. Program has recovered. Please modify input before deleting group
Group41,041,User Deleted. Program has recovered. Please modify input before deleting group
Group42,042,User Deleted. Program has recovered. Please modify input before deleting group
Group1,001,User Deleted. Program has recovered. Please modify input before deleting group
Group3,003,User Deleted. Program has recovered. Please modify input before deleting group
Group4,004,User Deleted. Program has recovered. Please modify input before deleting group
Group5,005,User Deleted. Program has recovered. Please modify input before deleting group
Group6,006,User Deleted. Program has recovered. Please modify input before deleting group
Group2,002,User Deleted. Program has recovered. Please modify input before deleting group
Group7,007,User Deleted. Program has recovered. Please modify input before deleting group
Group8,008,User Deleted. Program has recovered. Please modify input before deleting group
Group9,009,User Deleted. Program has recovered. Please modify input before deleting group
Group10,010,User Deleted. Program has recovered. Please modify input before deleting group
Group11,011,User Deleted. Program has recovered. Please modify input before deleting group
Group12,012,User Deleted. Program has recovered. Please modify input before deleting group
Group13,013,User Deleted. Program has recovered. Please modify input before deleting group
Group14,014,User Deleted. Program has recovered. Please modify input before deleting group
Group15,015,User Deleted. Program has recovered. Please modify input before deleting group
Group16,016,User Deleted. Program has recovered. Please modify input before deleting group
Group201,201,User Deleted. Program has recovered. Please modify input before deleting group
Group203,203,User Deleted. Program has recovered. Please modify input before deleting group
Group204,204,User Deleted. Program has recovered. Please modify input before deleting group
Group202,202,User Deleted. Program has recovered. Please modify input before deleting group
Group213,213,User Deleted. Program has recovered. Please modify input before deleting group
Group214,214,User Deleted. Program has recovered. Please modify input before deleting group
Group215,215,User Deleted. Program has recovered. Please modify input before deleting group
Group216,216,User Deleted. Program has recovered. Please modify input before deleting group
Group207,207,User Deleted. Program has recovered. Please modify input before deleting group
Group205,205,User Deleted. Program has recovered. Please modify input before deleting group
Group206,206,User Deleted. Program has recovered. Please modify input before deleting group
Group208,208,User Deleted. Program has recovered. Please modify input before deleting group
Group209,209,User Deleted. Program has recovered. Please modify input before deleting group
Group210,210,User Deleted. Program has recovered. Please modify input before deleting group
Group211,211,User Deleted. Program has recovered. Please modify input before deleting group
Group212,212,User Deleted. Program has recovered. Please modify input before deleting group
