AC-Doc sach T1,001,User Deleted. Program has recovered. Please modify input before deleting group
AC-Master Bed-T1,002,User Deleted. Program has recovered. Please modify input before deleting group
AC-Hanh lang-T1,003,User Deleted. Program has recovered. Please modify input before deleting group
AC-Kit room-T1,004,User Deleted. Program has recovered. Please modify input before deleting group
AC-Thong tang,005,User Deleted. Program has recovered. Please modify input before deleting group
AC-Bep-T2,006,User Deleted. Program has recovered. Please modify input before deleting group
AC-Bed3-T3,007,User Deleted. Program has recovered. Please modify input before deleting group
AC-Bed4-T3,008,User Deleted. Program has recovered. Please modify input before deleting group
Group9,009,User Deleted. Program has recovered. Please modify input before deleting group
Group10,010,User Deleted. Program has recovered. Please modify input before deleting group
